{
  "name": "flot.tooltip",
  "version": "0.8.7",
  "license": "MIT",
  "main": "js/jquery.flot.tooltip.js",
  "ignore": [
    ".gitignore",
    "Gruntfile.js",
    "README.md",
    "package.json",
    "examples"
  ],
  "homepage": "https://github.com/krzysu/flot.tooltip",
  "_release": "0.8.7",
  "_resolution": {
    "type": "version",
    "tag": "0.8.7",
    "commit": "042a27d8b33d22207af8b7e76d9f0a14c840a5ae"
  },
  "_source": "https://github.com/krzysu/flot.tooltip.git",
  "_target": "~0.8.4",
  "_originalSource": "flot.tooltip"
}