{
  "name": "fullcalendar",
  "title": "FullCalendar",
  "version": "2.7.0",
  "description": "Full-sized drag & drop event calendar",
  "keywords": [
    "calendar",
    "event",
    "full-sized",
    "jquery-plugin"
  ],
  "homepage": "http://fullcalendar.io/",
  "bugs": "http://fullcalendar.io/wiki/Reporting-Bugs/",
  "repository": {
    "type": "git",
    "url": "https://github.com/fullcalendar/fullcalendar.git"
  },
  "license": {
    "type": "MIT",
    "url": "https://github.com/fullcalendar/fullcalendar/blob/master/LICENSE.txt"
  },
  "author": {
    "name": "Adam Shaw",
    "email": "arshaw@arshaw.com",
    "url": "http://arshaw.com/"
  },
  "copyright": "2015 Adam Shaw",
  "dependencies": {
    "jquery": ">=1.7.1",
    "moment": ">=2.5.0"
  },
  "devDependencies": {
    "jquery-ui": ">=1.11.1",
    "jquery-simulate": "~1.0.1",
    "jquery-mockjax": "~1.5.4",
    "jasmine-jquery": "~2.0.3",
    "jasmine-fixture": "~1.2.0",
    "moment-timezone": "~0.2.1",
    "bootstrap": "~3.2.0"
  },
  "main": [
    "dist/fullcalendar.js",
    "dist/fullcalendar.css"
  ],
  "ignore": [
    "*",
    "**/.*",
    "!/dist/**",
    "!/README.*",
    "!/LICENSE.*",
    "!/CHANGELOG.*",
    "!/CONTRIBUTING.*"
  ],
  "_release": "2.7.0",
  "_resolution": {
    "type": "version",
    "tag": "v2.7.0",
    "commit": "74d80c00d45e5380ef7e4d86195a0e7495c193af"
  },
  "_source": "https://github.com/fullcalendar/fullcalendar.git",
  "_target": "2.7.0",
  "_originalSource": "fullcalendar",
  "_direct": true
}